paramid,0
D0,cf3
xD0,-0.84248, 0.58545
D1,cf4
xD1,0.82436, 0.60071
I0,cf0
xI0,-0.40562, 1.08987
vd,0.10
vi,0.15
rc,0.25
r_close,0.07
k_close,0.90
S,-0.430
T,7.000
gmm,0.941
D,0.000
delta,0.100
